Workbook

Sheet Summary
A1: Event-driven page load: verification summary
A2: Branch v0/event-driven-load, commit 239254c, checked October 13, 2026
A4: Fast page: Enter to reveal, as first pushed (ms) | B4: =Timings!C4 -> 5905
A5: Fast page: Enter to reveal, with fix (ms) | B5: =Timings!D4 -> 2630
A6: Time saved by the fix on a fast page (ms) | B6: =Timings!G4 -> 3275
A7: Fast page vs main (%; negative = faster) | B7: =Timings!F4 -> -0.0030326005
A8: Checks passed or matching | B8: =Checks!B12 -> 5
A9: Checks still open | B9: =Checks!B13 -> 1
A11: Bottom line: the load-gating bug is fixed and fast pages are back to parity with main. They are not faster yet; that needs the shorter choreography in NextSteps.
A13: Green = linked from another sheet. Timings come from a headless-Chromium harness, not an iPad.

Sheet Timings
A1: Enter to page revealed: time by scenario (ms)
A3: Scenario | B3: main | C3: Branch aea1953 (as first pushed) | D3: Branch 239254c (with fix) | E3: 239254c vs main (ms) | F3: 239254c vs main (%) | G3: Saved by fix vs aea1953 (ms)
A4: Page finishes loading at 0.9 s (fast page, during scan) | B4: 2638 | C4: 5905 | D4: 2630 | E4: =D4-B4 -> -8 | F4: =IF(B4=0,0,E4/B4) -> -0.0030326005 | G4: =C4-D4 -> 3275
A5: Page finishes loading at 2.3 s (during load phase) | B5: 2638 | C5: 2638 | D5: 2638 | E5: =D5-B5 -> 0 | F5: =IF(B5=0,0,E5/B5) -> 0 | G5: =C5-D5 -> 0
A6: Native never reports a load (silent or slow page) | B6: 2638 | C6: 5906 | D6: 4700 | E6: =D6-B6 -> 2062 | F6: =IF(B6=0,0,E6/B6) -> 0.78165277 | G6: =C6-D6 -> 1206
A7: Average | B7: =AVERAGE(B4:B6) -> 2638 | C7: =AVERAGE(C4:C6) -> 4816.3333 | D7: =AVERAGE(D4:D6) -> 3322.6667 | E7: =AVERAGE(E4:E6) -> 684.66667 | F7: =AVERAGE(F4:F6) -> 0.25954006 | G7: =AVERAGE(G4:G6) -> 1493.6667
A9: Blue = measured value typed in; black = formula. Negative difference = faster than main.
A10: Source: headless Chromium at 820x1180 with a faked native bridge (test harness vd_test3.py). Not WKWebView on an iPad, so treat as relative numbers.
A11: main reveals at a fixed 2,638 ms in every scenario because its timers never wait for the page; in the silent case it reveals a blank page.
A12: Branch 239254c values come from the final run; an earlier run of the same code gave 2,648 / 2,623 / 4,696 ms (about 20 ms run-to-run noise).

Sheet Checks
A1: Verification of commit 239254c on v0/event-driven-load
A3: Check | B3: Result | C3: Detail
A4: TypeScript (tsc -b) | B4: Pass | C4: Exit 0.
A5: Vite production build | B5: Pass | C5: Needed @rolldown/binding-linux-x64-gnu at the installed Rolldown version (the Windows lockfile omits it). tools/build.sh already does this for CI.
A6: Oxlint on web/src and web/server | B6: Pass | C6: 0 warnings, 0 errors. An earlier run showed 1,067 warnings only because it scanned build output (dist-branch).
A7: Matches the proposed patch | B7: Same logic | C7: Pushed commit has the same code changes as event-driven-load-fix.patch; only my inline comments are missing, so the patch no longer applies byte for byte.
A8: Fast page no longer regresses | B8: Pass | C8: See Timings: 5,905 ms down to 2,630 ms, back to parity with main.
A9: Fast page is faster than main | B9: Not yet | C9: Fade, scan and load are still fixed-length timers, so the floor is still about 2.64 s.
A11: Result counts
A12: Pass / Same logic | B12: =COUNTIF(B4:B9,"Pass")+COUNTIF(B4:B9,"Same logic") -> 5
A13: Not yet | B13: =COUNTIF(B4:B9,"Not yet") -> 1

Sheet NextSteps
A1: What is still open
A3: # | B3: Step | C3: Why | D3: Expected effect
A4: 1 | B4: Start native navigation on Enter | C4: Navigation currently begins about 0.7 s after Enter, when the fade phase ends. | D4: Page starts loading about 0.7 s sooner.
A5: 2 | B5: Shorten the remaining phases when the page already loaded | C5: Fade, scan and load are fixed-length timers (0.67 s, 1.2 s, 0.75 s). | D5: Fast page reveals in about 1 s instead of 2.64 s.
A6: 3 | B6: Move animations to CSS transform and opacity | C6: A 30 ms setInterval re-renders a 6,000-line component about 33 times a second. | D6: Far fewer renders per search; smoother on 60/120 Hz.
A7: 4 | B7: Native pane animation with Core Animation | C7: The UI streams clip rectangles over the bridge during the wipe. | D7: System compositor drives the wipe; A/B build to confirm on the iPad.
